{"name":"c6bbe216-9f9e-45ef-8c70-d2f93c11aabd","id":"/providers/Microsoft.Flow/flows/c6bbe216-9f9e-45ef-8c70-d2f93c11aabd","type":"Microsoft.Flow/flows","properties":{"apiId":"/providers/Microsoft.PowerApps/apis/shared_logicflows","displayName":"RAtendimento1","definition":{"metadata":{"workflowEntityId":null,"processAdvisorMetadata":null,"flowChargedByPaygo":null,"flowclientsuspensionreason":"None","flowclientsuspensiontime":null,"flowclientsuspensionreasondetails":null,"creator":{"id":"0ed713c5-546a-4ea5-a998-89dfa6f1882a","type":"User","tenantId":"dee74457-d751-4011-a5c4-44560cf8b415"},"provisioningMethod":"FromDefinition","failureAlertSubscription":true,"clientLastModifiedTime":"2023-05-24T01:23:53.8711999Z"},"$schema":"https://schema.management.azure.com/providers/Microsoft.Logic/schemas/2016-06-01/workflowdefinition.json#","contentVersion":"1.0.0.0","parameters":{"$connections":{"defaultValue":{},"type":"Object"},"$authentication":{"defaultValue":{},"type":"SecureObject"}},"triggers":{"manual":{"metadata":{"operationMetadataId":"5075061b-b896-4d56-be18-d773cbff6a1f"},"type":"Request","kind":"PowerAppV2","inputs":{"schema":{"type":"object","properties":{"text":{"title":"OS","type":"string","x-ms-dynamically-added":true,"description":"Numero da OS","x-ms-content-hint":"TEXT"}},"required":["text"]}}}},"actions":{"initalize_varCliente":{"runAfter":{"Set_varOS":["Succeeded"]},"metadata":{"operationMetadataId":"d42bbb76-5509-44ef-9e46-c730726f0a66"},"type":"InitializeVariable","inputs":{"variables":[{"name":"varCliente","type":"string"}]}},"Initialize_varTecnico":{"runAfter":{"initalize_varCliente":["Succeeded"]},"metadata":{"operationMetadataId":"172eba46-1c27-422b-a833-4d8bdb30e5ff"},"type":"InitializeVariable","inputs":{"variables":[{"name":"varTecnico","type":"string"}]}},"Initialize_varOS":{"runAfter":{"Convert_time_zone":["Succeeded"]},"metadata":{"operationMetadataId":"16e034b0-eae9-4907-83dc-33476ffe9783"},"type":"InitializeVariable","inputs":{"variables":[{"name":"varOS","type":"string"}]}},"Initialize_varMaquina":{"runAfter":{"Initialize_varTecnico":["Succeeded"]},"metadata":{"operationMetadataId":"777b524f-f0e1-4c98-abc5-b8efbc5bc9ce"},"type":"InitializeVariable","inputs":{"variables":[{"name":"varMaquina","type":"string"}]}},"Initialize_varSerial":{"runAfter":{"Initialize_varMaquina":["Succeeded"]},"metadata":{"operationMetadataId":"01d0170c-abc3-4065-ada9-b6fb68b05fc4"},"type":"InitializeVariable","inputs":{"variables":[{"name":"varSerial","type":"string"}]}},"Initialize_varAno":{"runAfter":{"Initialize_varSerial":["Succeeded"]},"metadata":{"operationMetadataId":"ebca4d88-b745-435f-8467-f7b0aebe59c5"},"type":"InitializeVariable","inputs":{"variables":[{"name":"varAno","type":"integer"}]}},"Initialize_varTipoOrdem":{"runAfter":{"Initialize_varAno":["Succeeded"]},"metadata":{"operationMetadataId":"2a0c25fd-8eab-46a9-9301-28ca60cfa310"},"type":"InitializeVariable","inputs":{"variables":[{"name":"varTipoOrdem","type":"string"}]}},"Initialize_varAtendimento":{"runAfter":{"Initialize_varDefeito":["Succeeded"]},"metadata":{"operationMetadataId":"2f505952-a5d8-4938-bfaf-90c7d93dda3c"},"type":"InitializeVariable","inputs":{"variables":[{"name":"varAtendimento","type":"array"}]}},"List_rows_005OrdemDeServiçoA":{"runAfter":{"Initialize_variable":["Succeeded"]},"metadata":{"operationMetadataId":"5a0b32a7-4735-41c1-9a7c-8cd0b0da760a"},"type":"OpenApiConnection","inputs":{"host":{"apiId":"/providers/Microsoft.PowerApps/apis/shared_commondataserviceforapps","connectionName":"shared_commondataserviceforapps","operationId":"ListRecords"},"parameters":{"entityName":"cr4fa_ordemdeservicoas","$top":10},"authentication":"@parameters('$authentication')"}},"Set_varOS":{"runAfter":{"Initialize_varOS":["Succeeded"]},"metadata":{"operationMetadataId":"cf7b8031-0df3-42f8-9cbb-9bcda0b4b73e"},"type":"SetVariable","inputs":{"name":"varOS","value":"@triggerBody()['text']"},"description":"This step should be set by the current OS filled up from Atendimento App"},"Apply_to_each_Finding_OS":{"foreach":"@outputs('List_rows_005OrdemDeServiçoA')?['body/value']","actions":{"Condition_Checking_OS":{"actions":{"List_rows_002MáquinaA":{"runAfter":{},"metadata":{"operationMetadataId":"2a03d6b9-41ad-4e85-a0a4-60f9a22fccb4"},"type":"OpenApiConnection","inputs":{"host":{"apiId":"/providers/Microsoft.PowerApps/apis/shared_commondataserviceforapps","connectionName":"shared_commondataserviceforapps","operationId":"ListRecords"},"parameters":{"entityName":"cr4fa_maquinaas"},"authentication":"@parameters('$authentication')"}},"Apply_to_each_Finding_Machine":{"foreach":"@outputs('List_rows_002MáquinaA')?['body/value']","actions":{"Condition_Checking_Machine":{"actions":{"Apply_to_each_Finding_Customer":{"foreach":"@outputs('List_rows_001ClienteA')?['body/value']","actions":{"Condition_3":{"actions":{"Set_varCliente":{"runAfter":{},"metadata":{"operationMetadataId":"8b05b05d-372e-4ba5-846c-4ea2ad1cbf8a"},"type":"SetVariable","inputs":{"name":"varCliente","value":"@items('Apply_to_each_Finding_Customer')?['cr4fa_name']"}}},"runAfter":{},"expression":{"equals":["@items('Apply_to_each_Finding_Customer')?['cr4fa_clienteaid']","@items('Apply_to_each_Finding_Machine')?['_cr4fa_clientea_value']"]},"metadata":{"operationMetadataId":"50095f85-0d33-4a60-a616-71a15511a9fc"},"type":"If"}},"runAfter":{"List_rows_001ClienteA":["Succeeded"]},"metadata":{"operationMetadataId":"8d8db89c-83f3-4dcd-9cfd-f56f5b6d66dd"},"type":"Foreach"},"Set_varSerial":{"runAfter":{},"metadata":{"operationMetadataId":"cc794a80-7385-4be9-90d0-00709c11ad3d"},"type":"SetVariable","inputs":{"name":"varSerial","value":"@items('Apply_to_each_Finding_Machine')?['cr4fa_serial']"}},"List_rows_001ClienteA":{"runAfter":{"Set_varAno":["Succeeded"]},"metadata":{"operationMetadataId":"43831244-3543-487d-a92e-aaa4281a29af"},"type":"OpenApiConnection","inputs":{"host":{"apiId":"/providers/Microsoft.PowerApps/apis/shared_commondataserviceforapps","connectionName":"shared_commondataserviceforapps","operationId":"ListRecords"},"parameters":{"entityName":"cr4fa_clienteas"},"authentication":"@parameters('$authentication')"}},"Set_varMaquina":{"runAfter":{"Set_varSerial":["Succeeded"]},"metadata":{"operationMetadataId":"2c691673-ca36-4b09-9862-188f1f5a83bc"},"type":"SetVariable","inputs":{"name":"varMaquina","value":"@items('Apply_to_each_Finding_Machine')?['cr4fa_modelo']"}},"Set_varAno":{"runAfter":{"Set_varMaquina":["Succeeded"]},"metadata":{"operationMetadataId":"585de85b-8ad0-4144-9634-1e4813dcdd52"},"type":"SetVariable","inputs":{"name":"varAno","value":"@items('Apply_to_each_Finding_Machine')?['cr4fa_anodefabricacao']"}}},"runAfter":{},"expression":{"equals":["@items('Apply_to_each_Finding_OS')?['_cr4fa_maquinaa_value']","@items('Apply_to_each_Finding_OS')?['_cr4fa_maquinaa_value']"]},"metadata":{"operationMetadataId":"be705ced-7894-41f8-82a4-6e32c23fd5d4"},"type":"If"}},"runAfter":{"Set_varDefeito":["Succeeded"]},"metadata":{"operationMetadataId":"59362c56-303c-4403-8cbc-978aae3987fb"},"type":"Foreach"},"List_rows_Atendimento":{"runAfter":{"Apply_to_each_Finding_Machine":["Succeeded"]},"metadata":{"operationMetadataId":"f085b189-f016-4ac0-9cd5-16fba911c2f3"},"type":"OpenApiConnection","inputs":{"host":{"apiId":"/providers/Microsoft.PowerApps/apis/shared_commondataserviceforapps","connectionName":"shared_commondataserviceforapps","operationId":"ListRecords"},"parameters":{"entityName":"cr4fa_atendimentoas","$filter":"_cr4fa_ordemdeservicoa_value eq @{items('Apply_to_each_Finding_OS')?['cr4fa_ordemdeservicoaid']}"},"authentication":"@parameters('$authentication')"}},"Apply_to_each_Atendimento":{"foreach":"@outputs('List_rows_Atendimento')?['body/value']","actions":{"Append_to_array_variable":{"runAfter":{},"metadata":{"operationMetadataId":"c4134702-8213-4799-b143-ff28905a05bf"},"type":"AppendToArrayVariable","inputs":{"name":"varAtendimento","value":{"varPartida":"@items('Apply_to_each_Atendimento')?['cr4fa_partida']","varChegada":"@items('Apply_to_each_Atendimento')?['cr4fa_chegada']","varSaida":"@items('Apply_to_each_Atendimento')?['cr4fa_saida']","varRetorno":"@items('Apply_to_each_Atendimento')?['cr4fa_retorno']"}}}},"runAfter":{"List_rows_Atendimento":["Succeeded"]},"metadata":{"operationMetadataId":"aa7cf3fd-fda7-4b2b-bec8-06e7df804c08"},"type":"Foreach"},"List_rows_Tecnico":{"runAfter":{"Set_varDefeito":["Succeeded"]},"metadata":{"operationMetadataId":"d2cb9ce0-47d2-4cbb-8706-78941be7ec77"},"type":"OpenApiConnection","inputs":{"host":{"apiId":"/providers/Microsoft.PowerApps/apis/shared_commondataserviceforapps","connectionName":"shared_commondataserviceforapps","operationId":"ListRecords"},"parameters":{"entityName":"cr4fa_tecnicoas"},"authentication":"@parameters('$authentication')"}},"Apply_to_each":{"foreach":"@outputs('List_rows_Tecnico')?['body/value']","actions":{"Condition":{"actions":{"Set_varTecnico":{"runAfter":{},"metadata":{"operationMetadataId":"dc49ab47-aac0-442a-88bb-2447830bd323"},"type":"SetVariable","inputs":{"name":"varTecnico","value":"@items('Apply_to_each')?['cr4fa_namedotecnico']"}}},"runAfter":{},"expression":{"equals":["@items('Apply_to_each')?['cr4fa_tecnicoaid']","@items('Apply_to_each_Finding_OS')?['_cr4fa_tecnicoa_value']"]},"metadata":{"operationMetadataId":"766eda91-3696-4f4a-8c2d-10377233223a"},"type":"If"}},"runAfter":{"List_rows_Tecnico":["Succeeded"]},"metadata":{"operationMetadataId":"1d794b64-bad2-4da0-8650-a3fe211a49a5"},"type":"Foreach"},"List_rows_ServiçoExecutado":{"runAfter":{"Set_varDefeito":["Succeeded"]},"metadata":{"operationMetadataId":"fef73232-2447-404f-8779-625e64dcb178"},"type":"OpenApiConnection","inputs":{"host":{"apiId":"/providers/Microsoft.PowerApps/apis/shared_commondataserviceforapps","connectionName":"shared_commondataserviceforapps","operationId":"ListRecords"},"parameters":{"entityName":"cr4fa_servicoexecutados"},"authentication":"@parameters('$authentication')"}},"Apply_to_each_Servico":{"foreach":"@outputs('List_rows_ServiçoExecutado')?['body/value']","actions":{"Condition_2":{"actions":{"Set_variable":{"runAfter":{},"metadata":{"operationMetadataId":"fd96cd84-eaa6-4108-aa85-445ef96df456"},"type":"SetVariable","inputs":{"name":"varServico","value":"@items('Apply_to_each_Servico')?['cr4fa_descricaodoservico']"}}},"runAfter":{},"else":{"actions":{"Set_variable_2":{"runAfter":{},"metadata":{"operationMetadataId":"a86c4386-440a-493b-b4fc-7c04e2b576dd"},"type":"SetVariable","inputs":{"name":"varServico","value":"\"Sem descrição\""}}}},"expression":{"contains":["","@items('Apply_to_each_Finding_OS')?['cr4fa_os']"]},"metadata":{"operationMetadataId":"a7a14e9f-af70-493b-af31-8409d5377e1b"},"type":"If"}},"runAfter":{"List_rows_ServiçoExecutado":["Succeeded"]},"metadata":{"operationMetadataId":"31d85c11-8600-4329-a65e-f4b5d31fa987"},"type":"Foreach"},"Set_varDefeito":{"runAfter":{"List_rows_002MáquinaA":["Succeeded"]},"metadata":{"operationMetadataId":"537dfb9a-ebaa-48c8-a5dd-310ae9587705"},"type":"SetVariable","inputs":{"name":"varDefeito","value":"@items('Apply_to_each_Finding_OS')?['cr4fa_descricaododefeito']"}},"List_row_ListaPeca":{"runAfter":{"Set_varDefeito":["Succeeded"]},"metadata":{"operationMetadataId":"ea067645-0dd0-4d39-8e14-61cf4feeded4"},"type":"OpenApiConnection","inputs":{"host":{"apiId":"/providers/Microsoft.PowerApps/apis/shared_commondataserviceforapps","connectionName":"shared_commondataserviceforapps","operationId":"ListRecords"},"parameters":{"entityName":"cr4fa_listadepecasrecomendadases"},"authentication":"@parameters('$authentication')"}},"Apply_to_each_ListaPeca":{"foreach":"@outputs('List_row_ListaPeca')?['body/value']","actions":{"Condition_4":{"actions":{"Append_to_array_varListaPeca":{"runAfter":{},"metadata":{"operationMetadataId":"1a5c3ac3-923a-42de-8bd9-d05140399bb8"},"type":"AppendToArrayVariable","inputs":{"name":"varListaPecas","value":{"varLPQuant":"@items('Apply_to_each_ListaPeca')?['cr4fa_quantidade']","varLPCodigo":"@items('Apply_to_each_ListaPeca')?['cr4fa_codigo']","varLPDescr":"@items('Apply_to_each_ListaPeca')?['cr4fa_descricao']"}}}},"runAfter":{},"expression":{"equals":["@items('Apply_to_each_ListaPeca')?['_cr4fa_ordemdeservicoa_value']","@items('Apply_to_each_Finding_OS')?['cr4fa_ordemdeservicoaid']"]},"metadata":{"operationMetadataId":"b06290e4-cbd3-4520-866f-dea0cbadecdb"},"type":"If"}},"runAfter":{"List_row_ListaPeca":["Succeeded"]},"metadata":{"operationMetadataId":"b02ca517-386d-4b08-a829-d9232eaec334"},"type":"Foreach"},"List_rows_Despesas":{"runAfter":{"Set_varDefeito":["Succeeded"]},"metadata":{"operationMetadataId":"c96b9855-c5bf-43b1-8e72-6a45ae0e28c2"},"type":"OpenApiConnection","inputs":{"host":{"apiId":"/providers/Microsoft.PowerApps/apis/shared_commondataserviceforapps","connectionName":"shared_commondataserviceforapps","operationId":"ListRecords"},"parameters":{"entityName":"cr4fa_despesasas","$filter":"_cr4fa_ordemdeservicoa_value eq @{items('Apply_to_each_Finding_OS')?['cr4fa_ordemdeservicoaid']}"},"authentication":"@parameters('$authentication')"}},"Apply_to_each_2":{"foreach":"@outputs('List_rows_Despesas')?['body/value']","actions":{"Condition_5":{"actions":{"Append_to_array_variable_2":{"runAfter":{},"metadata":{"operationMetadataId":"80fd29a1-d5bb-4ffb-8187-cf6f5fd14e95"},"type":"AppendToArrayVariable","inputs":{"name":"varDespesas","value":{"varKm":"@items('Apply_to_each_2')?['cr4fa_km']","varPedagio":"@items('Apply_to_each_2')?['cr4fa_pedagio']","varEstacionamento":"@items('Apply_to_each_2')?['cr4fa_estacionamento']","varDiaria":"@items('Apply_to_each_2')?['cr4fa_diaria']","varTaxi":"@items('Apply_to_each_2')?['cr4fa_taxiouappdetransporte']","varTVoucher":"@items('Apply_to_each_2')?['cr4fa_taxi_voucher']","varPassagem":"@items('Apply_to_each_2')?['cr4fa_passagem']","varBagagem":"@items('Apply_to_each_2')?['cr4fa_bagagem']","varHotel":"@items('Apply_to_each_2')?['cr4fa_hotel']","varLavanderia":"@items('Apply_to_each_2')?['cr4fa_lavanderia']","varExtras":"@items('Apply_to_each_2')?['cr4fa_extras']"}}}},"runAfter":{},"expression":{"equals":["@items('Apply_to_each_2')?['_cr4fa_ordemdeservicoa_value']","@items('Apply_to_each_Finding_OS')?['cr4fa_ordemdeservicoaid']"]},"metadata":{"operationMetadataId":"8d6cb908-33fa-4a72-9a2c-e6745f891b13"},"type":"If"}},"runAfter":{"List_rows_Despesas":["Succeeded"]},"metadata":{"operationMetadataId":"8267a0db-0ae9-49a3-a754-787956e80699"},"type":"Foreach"}},"runAfter":{},"expression":{"equals":["@items('Apply_to_each_Finding_OS')?['cr4fa_os']","@variables('varOS')"]},"metadata":{"operationMetadataId":"b833f944-9842-4a1b-8af4-846d8f4074be"},"type":"If"}},"runAfter":{"List_rows_005OrdemDeServiçoA":["Succeeded"]},"metadata":{"operationMetadataId":"8896d7b4-68c7-4e23-a630-02e39db6c6f6"},"type":"Foreach"},"Populate_a_Microsoft_Word_template_TECHNICAL_REPORT":{"runAfter":{"Apply_to_each_Finding_OS":["Succeeded"]},"metadata":{"01OJ3KOSI35S7HC6IMPVAJF3EXFXZXMBII":"/Relatório_AppAtendimento/RelatórioAtendimentoPI-I.docx","operationMetadataId":"38652cc5-7d2f-4f05-b997-9a39da076275","01C3XMY56DISEIQ5UEN5BZQAVWO4JCNRMC":"/RelatórioAtendimentoPI-I/RelatórioAtendimentoPI-I.docx"},"type":"OpenApiConnection","inputs":{"host":{"apiId":"/providers/Microsoft.PowerApps/apis/shared_wordonlinebusiness","connectionName":"shared_wordonlinebusiness","operationId":"CreateFileItem"},"parameters":{"source":"me","drive":"b!h14HMobL_km74rcNA5Y-0eKECwbUwmpDock7GDWPdglWGyesBlhITrkqf5HHpPXf","file":"01C3XMY56DISEIQ5UEN5BZQAVWO4JCNRMC","dynamicFileSchema/249475173":"@variables('varMaquina')","dynamicFileSchema/300729348":"@variables('varAno')","dynamicFileSchema/481513496":"@variables('varAtendimento')","dynamicFileSchema/496620043":"@variables('varListaPecas')","dynamicFileSchema/1203835248":"@variables('varTecnico')","dynamicFileSchema/1371333928":"@variables('varServico')","dynamicFileSchema/1484349879":"@variables('varSerial')","dynamicFileSchema/1963767672":"@variables('varOS')","dynamicFileSchema/-1265297708":"@variables('varCliente')","dynamicFileSchema/-1641648497":"@variables('varOS')","dynamicFileSchema/-1884089122":"@variables('varDefeito')","dynamicFileSchema/-1340070563":"@variables('varDespesas')"},"authentication":{"value":"@json(decodeBase64(triggerOutputs().headers['X-MS-APIM-Tokens']))['$ConnectionKey']","type":"Raw"}}},"Convert_Word_Document_to_PDF":{"runAfter":{"Create_file":["Succeeded"]},"metadata":{"operationMetadataId":"549d2022-932f-46df-b76c-f8dc99165d1e"},"type":"OpenApiConnection","inputs":{"host":{"apiId":"/providers/Microsoft.PowerApps/apis/shared_wordonlinebusiness","connectionName":"shared_wordonlinebusiness","operationId":"GetFilePDF"},"parameters":{"source":"me","drive":"b!h14HMobL_km74rcNA5Y-0eKECwbUwmpDock7GDWPdglWGyesBlhITrkqf5HHpPXf","file":"@outputs('Create_file')?['body/Path']"},"authentication":{"value":"@json(decodeBase64(triggerOutputs().headers['X-MS-APIM-Tokens']))['$ConnectionKey']","type":"Raw"}}},"Create_file":{"runAfter":{"Populate_a_Microsoft_Word_template_TECHNICAL_REPORT":["Succeeded"]},"metadata":{"operationMetadataId":"5f99b537-fd6a-486d-9aba-1d8baeeec138"},"type":"OpenApiConnection","inputs":{"host":{"apiId":"/providers/Microsoft.PowerApps/apis/shared_onedriveforbusiness","connectionName":"shared_onedriveforbusiness_1","operationId":"CreateFile"},"parameters":{"folderPath":"/RelatórioAtendimentoPI-I/RAs","name":"RA_@{variables('varOS')}_@{variables('varTecnico')}_@{variables('varCliente')}_@{utcnow()}.docx","body":"@body('Populate_a_Microsoft_Word_template_TECHNICAL_REPORT')"},"authentication":{"value":"@json(decodeBase64(triggerOutputs().headers['X-MS-APIM-Tokens']))['$ConnectionKey']","type":"Raw"}},"runtimeConfiguration":{"contentTransfer":{"transferMode":"Chunked"}}},"Create_file_2":{"runAfter":{"Convert_Word_Document_to_PDF":["Succeeded"]},"metadata":{"operationMetadataId":"18baf8de-3b33-4c18-9436-878ac69479bc"},"type":"OpenApiConnection","inputs":{"host":{"apiId":"/providers/Microsoft.PowerApps/apis/shared_onedriveforbusiness","connectionName":"shared_onedriveforbusiness","operationId":"CreateFile"},"parameters":{"folderPath":"/RelatórioAtendimentoPI-I/RAs","name":"RA_@{variables('varOS')}_@{variables('varTecnico')}_@{variables('varCliente')}_@{utcnow()}.pdf","body":"@body('Convert_Word_Document_to_PDF')"},"authentication":{"value":"@json(decodeBase64(triggerOutputs().headers['X-MS-APIM-Tokens']))['$ConnectionKey']","type":"Raw"}},"runtimeConfiguration":{"contentTransfer":{"transferMode":"Chunked"}}},"Convert_time_zone":{"runAfter":{},"metadata":{"operationMetadataId":"d3c63365-2c63-4422-93fa-81e3f346a52e"},"type":"Expression","kind":"ConvertTimeZone","inputs":{"baseTime":"@{utcNow()}","formatString":"s","sourceTimeZone":"E. South America Standard Time","destinationTimeZone":"E. South America Standard Time"}},"Initialize_varServico":{"runAfter":{"Initialize_varAtendimento":["Succeeded"]},"metadata":{"operationMetadataId":"902c5522-430e-4074-9914-47bacfdf963b"},"type":"InitializeVariable","inputs":{"variables":[{"name":"varServico","type":"string"}]}},"Initialize_varDefeito":{"runAfter":{"Initialize_varTipoOrdem":["Succeeded"]},"metadata":{"operationMetadataId":"7e3b0597-f008-44b7-9896-5d4853834cea"},"type":"InitializeVariable","inputs":{"variables":[{"name":"varDefeito","type":"string"}]}},"Initialize_varListaPecas":{"runAfter":{"Initialize_varServico":["Succeeded"]},"metadata":{"operationMetadataId":"aeeb8d66-589d-4356-adeb-b191775d5c11"},"type":"InitializeVariable","inputs":{"variables":[{"name":"varListaPecas","type":"array"}]}},"Initialize_variable":{"runAfter":{"Initialize_varListaPecas":["Succeeded"]},"metadata":{"operationMetadataId":"d5734ac1-8d84-4fa2-b3e5-b4d89479213e"},"type":"InitializeVariable","inputs":{"variables":[{"name":"varDespesas","type":"array"}]}}}},"connectionReferences":{"shared_commondataserviceforapps":{"connectionName":"shared-commondataser-fb528624-e99f-43af-8af6-6135f6239fde","source":"Embedded","id":"/providers/Microsoft.PowerApps/apis/shared_commondataserviceforapps","tier":"NotSpecified"},"shared_wordonlinebusiness":{"connectionName":"shared-wordonlinebus-d68f896b-1bba-490e-9929-793995a19e15","source":"Invoker","id":"/providers/Microsoft.PowerApps/apis/shared_wordonlinebusiness","tier":"NotSpecified"},"shared_onedriveforbusiness_1":{"connectionName":"shared-onedriveforbu-9eb89b29-f121-425b-8c1e-8724f00b939f","source":"Invoker","id":"/providers/Microsoft.PowerApps/apis/shared_onedriveforbusiness","tier":"NotSpecified"},"shared_onedriveforbusiness":{"connectionName":"shared-onedriveforbu-89196bbc-21ca-4471-aba7-9575945b9d00","source":"Invoker","id":"/providers/Microsoft.PowerApps/apis/shared_onedriveforbusiness","tier":"NotSpecified"}},"flowFailureAlertSubscribed":false,"isManaged":false}}