{"name":"21f6ac3a-1d3a-457a-bd87-8003667faf93","id":"/providers/Microsoft.Flow/flows/21f6ac3a-1d3a-457a-bd87-8003667faf93","type":"Microsoft.Flow/flows","properties":{"apiId":"/providers/Microsoft.PowerApps/apis/shared_logicflows","displayName":"Ordem de Serviço Automática","definition":{"metadata":{"workflowEntityId":null,"processAdvisorMetadata":null,"flowChargedByPaygo":null,"flowclientsuspensionreason":"None","flowclientsuspensiontime":null,"flowclientsuspensionreasondetails":null,"creator":{"id":"0ed713c5-546a-4ea5-a998-89dfa6f1882a","type":"User","tenantId":"dee74457-d751-4011-a5c4-44560cf8b415"},"provisioningMethod":"FromDefinition","failureAlertSubscription":true,"clientLastModifiedTime":"2023-04-17T20:39:54.4573848Z"},"$schema":"https://schema.management.azure.com/providers/Microsoft.Logic/schemas/2016-06-01/workflowdefinition.json#","contentVersion":"1.0.0.0","parameters":{"$connections":{"defaultValue":{},"type":"Object"},"$authentication":{"defaultValue":{},"type":"SecureObject"}},"triggers":{"When_a_new_response_is_submitted":{"splitOn":"@triggerOutputs()?['body/value']","metadata":{"operationMetadataId":"3cb068db-3a8f-436e-999b-9b6ebef0616d"},"type":"OpenApiConnectionWebhook","inputs":{"host":{"apiId":"/providers/Microsoft.PowerApps/apis/shared_microsoftforms","connectionName":"shared_microsoftforms","operationId":"CreateFormWebhook"},"parameters":{"form_id":"V0Tn3lHXEUClxERWDPi0FcUT1w5qVKVOqZiJ36bxiCpUQVA2RzlERDFOOVpVVk5VVklHVkE4Q01BMC4u"},"authentication":"@parameters('$authentication')"}}},"actions":{"Get_response_details":{"runAfter":{},"metadata":{"operationMetadataId":"51aec6e1-bbc9-4eb5-b09f-6b0789173d23"},"type":"OpenApiConnection","inputs":{"host":{"apiId":"/providers/Microsoft.PowerApps/apis/shared_microsoftforms","connectionName":"shared_microsoftforms","operationId":"GetFormResponseById"},"parameters":{"form_id":"V0Tn3lHXEUClxERWDPi0FcUT1w5qVKVOqZiJ36bxiCpUQVA2RzlERDFOOVpVVk5VVklHVkE4Q01BMC4u","response_id":"@triggerOutputs()?['body/resourceData/responseId']"},"authentication":"@parameters('$authentication')"}},"Start_and_wait_for_an_approval":{"runAfter":{"Criar_item_2":["Succeeded"]},"metadata":{"operationMetadataId":"bdc0bb5b-aecb-4c4d-a569-bf358100df24"},"type":"OpenApiConnectionWebhook","inputs":{"host":{"apiId":"/providers/Microsoft.PowerApps/apis/shared_approvals","connectionName":"shared_approvals","operationId":"StartAndWaitForAnApproval"},"parameters":{"approvalType":"BasicAwaitAll","WebhookApprovalCreationInput/title":"Nova Solicitação de Assistência técnica","WebhookApprovalCreationInput/assignedTo":"2100462@aluno.univesp.br;","WebhookApprovalCreationInput/details":"A empresa @{outputs('Get_response_details')?['body/r899f2f9f08104bdcb8ee2e934647e76f']}, por intermédio do/a Sr/a @{outputs('Get_response_details')?['body/r8d7ba72e44164525b28883e3ad19f660']}, solicita atendimento técnico para sua máquina modelo @{outputs('Get_response_details')?['body/r95e484e4ac514881ad1f3b0cdd7d4b34']}, serial @{outputs('Get_response_details')?['body/r97af7c3ab4a94c6fb5d78707a28c5c4b']}, ano de fabricação @{outputs('Get_response_details')?['body/r7c2f9324471149dc8651ddaad85c4388']}, com intenção de agendamento para @{outputs('Get_response_details')?['body/r85579430ef9745ecb32067cc9f0bd352']}.\n\nSolicitante: @{outputs('Get_response_details')?['body/r8d7ba72e44164525b28883e3ad19f660']}\ne-mail: @{outputs('Get_response_details')?['body/r06dfc693d5a448d499e5b4b3b9a73a83']}\ntelefone: @{outputs('Get_response_details')?['body/rca11f5767e8f4647bdbd0395bc06b913']}\nmáquina: @{outputs('Get_response_details')?['body/r95e484e4ac514881ad1f3b0cdd7d4b34']} - serial: @{outputs('Get_response_details')?['body/r97af7c3ab4a94c6fb5d78707a28c5c4b']} - ano: @{outputs('Get_response_details')?['body/r7c2f9324471149dc8651ddaad85c4388']}\ntipo de problema: @{outputs('Get_response_details')?['body/r75a05faa897246e78c9c7fd015b0abad']}\nDescrição do problema: @{outputs('Get_response_details')?['body/r9a0f4b9f957d438dbb968ed07272e832']}","WebhookApprovalCreationInput/enableNotifications":true,"WebhookApprovalCreationInput/enableReassignment":true},"authentication":"@parameters('$authentication')"}},"Condition":{"actions":{"Obter_itens":{"runAfter":{},"metadata":{"operationMetadataId":"f0e9becb-694f-465b-9967-010ea9b5f169"},"type":"OpenApiConnection","inputs":{"host":{"apiId":"/providers/Microsoft.PowerApps/apis/shared_sharepointonline","connectionName":"shared_sharepointonline","operationId":"GetItems"},"parameters":{"dataset":"https://alunounivespbr.sharepoint.com/sites/PROJETO-INTEGRADORI","table":"6b025ea7-3d38-4b32-a736-2954db6e046f"},"authentication":"@parameters('$authentication')"}},"Aplicar_a_cada":{"foreach":"@outputs('Obter_itens')?['body/value']","actions":{"Incrementar_variável":{"runAfter":{},"metadata":{"operationMetadataId":"dd00c94a-8cd4-4525-ba3a-2b590f1ab2d1"},"type":"IncrementVariable","inputs":{"name":"count","value":1}}},"runAfter":{"Obter_itens":["Succeeded"]},"metadata":{"operationMetadataId":"de419ae1-5e13-463b-8271-7a7c5ba1572d"},"type":"Foreach"},"Criar_item":{"runAfter":{"Aplicar_a_cada":["Succeeded"]},"metadata":{"operationMetadataId":"4835992f-4e1d-40a3-949b-66a5512c0eec"},"type":"OpenApiConnection","inputs":{"host":{"apiId":"/providers/Microsoft.PowerApps/apis/shared_sharepointonline","connectionName":"shared_sharepointonline","operationId":"PostItem"},"parameters":{"dataset":"https://alunounivespbr.sharepoint.com/sites/PROJETO-INTEGRADORI","table":"6b025ea7-3d38-4b32-a736-2954db6e046f","item/field_1":"@variables('count')","item/field_2":"@triggerOutputs()?['body/resourceData/responseId']","item/field_3":"@outputs('Get_response_details')?['body/r899f2f9f08104bdcb8ee2e934647e76f']","item/field_4":"@outputs('Criar_item_2')?['body/field_7']","item/field_5":"@outputs('Criar_item_2')?['body/field_9']","item/field_6":"@outputs('Criar_item_2')?['body/field_8']"},"authentication":"@parameters('$authentication')"}}},"runAfter":{"Inicializar_variável":["Succeeded"]},"else":{"actions":{"Send_an_email_(V2)_2":{"runAfter":{},"metadata":{"operationMetadataId":"93ab8f2b-2b08-4c72-86e6-cd288321164b"},"type":"OpenApiConnection","inputs":{"host":{"apiId":"/providers/Microsoft.PowerApps/apis/shared_office365","connectionName":"shared_office365","operationId":"SendEmailV2"},"parameters":{"emailMessage/To":"2100462@aluno.univesp.br","emailMessage/Subject":"Atendimento recusado","emailMessage/Body":"<p>recusado</p>","emailMessage/Importance":"Normal"},"authentication":"@parameters('$authentication')"}}}},"expression":{"equals":["",""]},"metadata":{"operationMetadataId":"26aea6f3-79b4-42c7-8078-5c459ed786d3"},"type":"If"},"Inicializar_variável":{"runAfter":{"Start_and_wait_for_an_approval":["Succeeded"]},"metadata":{"operationMetadataId":"00eb1869-a19b-4ccc-bde6-a951a8a3f48d"},"type":"InitializeVariable","inputs":{"variables":[{"name":"count","type":"integer","value":1}]}},"Criar_item_2":{"runAfter":{"Get_response_details":["Succeeded"]},"metadata":{"operationMetadataId":"060245da-da67-47aa-b261-d942943f949d"},"type":"OpenApiConnection","inputs":{"host":{"apiId":"/providers/Microsoft.PowerApps/apis/shared_sharepointonline","connectionName":"shared_sharepointonline","operationId":"PostItem"},"parameters":{"dataset":"https://alunounivespbr.sharepoint.com/sites/PROJETO-INTEGRADORI","table":"7599dd9f-9518-45ba-9d5e-a90fdee2b790","item/Title":"@triggerOutputs()?['body/resourceData/responseId']","item/field_1":"@outputs('Get_response_details')?['body/r899f2f9f08104bdcb8ee2e934647e76f']","item/field_2":"@outputs('Get_response_details')?['body/r4aaf5608162b4f419faee3852db02f58']","item/field_3":"@outputs('Get_response_details')?['body/r8d7ba72e44164525b28883e3ad19f660']","item/field_4":"@outputs('Get_response_details')?['body/r06dfc693d5a448d499e5b4b3b9a73a83']","item/field_5":"@outputs('Get_response_details')?['body/rca11f5767e8f4647bdbd0395bc06b913']","item/field_6":"@outputs('Get_response_details')?['body/r85579430ef9745ecb32067cc9f0bd352']","item/field_7":"@outputs('Get_response_details')?['body/r95e484e4ac514881ad1f3b0cdd7d4b34']","item/field_8":"@outputs('Get_response_details')?['body/r7c2f9324471149dc8651ddaad85c4388']","item/field_9":"@outputs('Get_response_details')?['body/r97af7c3ab4a94c6fb5d78707a28c5c4b']","item/field_10":"@outputs('Get_response_details')?['body/r75a05faa897246e78c9c7fd015b0abad']","item/field_11":"@outputs('Get_response_details')?['body/r9a0f4b9f957d438dbb968ed07272e832']"},"authentication":"@parameters('$authentication')"}}}},"connectionReferences":{"shared_microsoftforms":{"connectionName":"shared-microsoftform-6938482d-9e3e-4af4-9577-bd22dce3ad7e","source":"Embedded","id":"/providers/Microsoft.PowerApps/apis/shared_microsoftforms","tier":"NotSpecified"},"shared_approvals":{"connectionName":"shared-approvals-e1319089-32b3-477b-970a-966ac33e3abe","source":"Embedded","id":"/providers/Microsoft.PowerApps/apis/shared_approvals","tier":"NotSpecified"},"shared_sharepointonline":{"connectionName":"shared-sharepointonl-3ac8ce9c-4472-4393-936d-2906e4c538c4","source":"Embedded","id":"/providers/Microsoft.PowerApps/apis/shared_sharepointonline","tier":"NotSpecified"},"shared_office365":{"connectionName":"shared-office365-41d0f8d1-9010-48cd-a80d-528107108364","source":"Embedded","id":"/providers/Microsoft.PowerApps/apis/shared_office365","tier":"NotSpecified"}},"flowFailureAlertSubscribed":false,"isManaged":false}}